{"cameraMode":{"drawMode":0,"name":"Shaded","section":"Shading Mode"},"sceneLighting":true,"audioPlay":false,"sceneViewState":{"showFog":true,"showMaterialUpdate":false,"showSkybox":true,"showFlares":true,"showImageEffects":true,"showParticleSystems":true},"in2DMode":false,"pivot":{"x":68.83721923828125,"y":-31.908252716064454,"z":-18.708024978637697},"rotation":{"x":0.12582369148731233,"y":0.7683694362640381,"z":-0.15917804837226869,"w":0.6070854663848877},"size":92.41300201416016,"orthographic":false}