{"cameraMode":{"drawMode":0,"name":"Shaded","section":"Shading Mode"},"sceneLighting":true,"audioPlay":false,"sceneViewState":{"showFog":true,"showMaterialUpdate":false,"showSkybox":true,"showFlares":true,"showImageEffects":true,"showParticleSystems":true},"in2DMode":false,"pivot":{"x":25.035526275634767,"y":-2.420440196990967,"z":9.095769882202149},"rotation":{"x":-0.04807714745402336,"y":-0.6020225882530212,"z":0.03635158762335777,"w":-0.7962048053741455},"size":41.29780197143555,"orthographic":false}